{"4": {"x": 6.631776, "y": 3.3764814999999997}, "1": {"x": 6.5235702, "y": 3.6006473}, "3": {"x": 6.5235702, "y": 3.6006473}}